,precision,recall,f1-score,support
intern,0.6521739130434783,1.0,0.7894736842105263,15.0
junior,0.8,0.3076923076923077,0.4444444444444444,13.0
lead,0.0,0.0,0.0,7.0
low_value,0.0,0.0,0.0,2.0
senior,0.48,0.9230769230769231,0.631578947368421,13.0
template,0.0,0.0,0.0,3.0
accuracy,0.5849056603773585,0.5849056603773585,0.5849056603773585,0.5849056603773585
macro avg,0.3220289855072464,0.3717948717948718,0.310916179337232,53.0
weighted avg,0.4985397867104184,0.5849056603773585,0.48736621427783294,53.0
