{
  "model": "distilbert",
  "accuracy": 0.5660377358490566,
  "precision": 0.42445767329230155,
  "recall": 0.5660377358490566,
  "f1_weighted": 0.47461814914645106
}