{
  "model": "distilbert",
  "accuracy": 0.5849056603773585,
  "precision": 0.4985397867104184,
  "recall": 0.5849056603773585,
  "f1_weighted": 0.48736621427783294
}