model,accuracy,f1_weighted,precision,recall
majority_baseline,0.24528301886792453,0.09662664379645511,,
tfidf_logreg,0.7358490566037735,0.6912384740317861,,
distilbert,0.5849056603773585,0.48736621427783294,0.4985397867104184,0.5849056603773585
