model,accuracy,f1_weighted,precision,recall
majority_baseline,0.2830188679245283,0.12486126526082131,,
tfidf_logreg,0.660377358490566,0.6186320754716982,,
distilbert,0.5660377358490566,0.47461814914645106,0.42445767329230155,0.5660377358490566
